[
    {
        "model-name": "Empresa",
        "resource-file": "\\home\\cesar\\Projetos\\Github\\hecato2\\resources\\laravel-code-generator\\sources\\empresas.json",
        "table-name": "empresas",
        "migrations": [
            {
                "name": "2018_07_03_142055_create_empresas_table",
                "class-name": "CreateEmpresasTable",
                "path": "/home/cesar/Projetos/Github/hecato2/database/migrations/empresas/2018_07_03_142055_create_empresas_table.php",
                "is-create": true,
                "is-virtual": true,
                "is-organized": true,
                "with-soft-delete": true,
                "without-timestamps": false,
                "resource": {
                    "fields": [
                        {
                            "name": "id",
                            "labels": "id",
                            "html-type": "number",
                            "css-class": "",
                            "options": {},
                            "html-value": null,
                            "validation": "",
                            "is-on-index": false,
                            "is-on-show": false,
                            "is-on-form": false,
                            "data-type": "int",
                            "data-type-params": [],
                            "data-value": null,
                            "is-index": false,
                            "is-unique": false,
                            "is-primary": true,
                            "comment": null,
                            "is-nullable": true,
                            "is-header": false,
                            "is-unsigned": true,
                            "is-auto-increment": true,
                            "is-inline-options": false,
                            "is-date": false,
                            "date-format": "",
                            "cast-as": "",
                            "placeholder": "Enter id here...",
                            "delimiter": "; ",
                            "range": [],
                            "foreign-relation": null,
                            "foreign-constraint": null,
                            "on-store": null,
                            "on-update": null
                        },
                        {
                            "name": "tipo_id",
                            "labels": "tipo_id",
                            "html-type": "select",
                            "css-class": "",
                            "options": {},
                            "html-value": null,
                            "validation": "required",
                            "is-on-index": true,
                            "is-on-show": true,
                            "is-on-form": true,
                            "data-type": "int",
                            "data-type-params": [],
                            "data-value": null,
                            "is-index": true,
                            "is-unique": false,
                            "is-primary": false,
                            "comment": null,
                            "is-nullable": false,
                            "is-header": false,
                            "is-unsigned": true,
                            "is-auto-increment": false,
                            "is-inline-options": false,
                            "is-date": false,
                            "date-format": "",
                            "cast-as": "",
                            "placeholder": "Enter tipo here...",
                            "delimiter": "; ",
                            "range": [],
                            "foreign-relation": {
                                "name": "pessoaTipo",
                                "type": "belongsTo",
                                "params": [
                                    "App\\Models/\\PessoaTipo",
                                    "tipo_id",
                                    "id"
                                ],
                                "field": "id"
                            },
                            "foreign-constraint": {
                                "field": "tipo_id",
                                "references": "pessoa_tipo",
                                "on": "id",
                                "on-delete": "restrict",
                                "on-update": "restrict",
                                "references-model": "App\\Models/\\PessoaTipo",
                                "is-self-reference": false
                            },
                            "on-store": null,
                            "on-update": null
                        },
                        {
                            "name": "pessoa_id",
                            "labels": "pessoa_id",
                            "html-type": "select",
                            "css-class": "",
                            "options": {},
                            "html-value": null,
                            "validation": "required",
                            "is-on-index": true,
                            "is-on-show": true,
                            "is-on-form": true,
                            "data-type": "int",
                            "data-type-params": [],
                            "data-value": null,
                            "is-index": true,
                            "is-unique": false,
                            "is-primary": false,
                            "comment": null,
                            "is-nullable": false,
                            "is-header": false,
                            "is-unsigned": true,
                            "is-auto-increment": false,
                            "is-inline-options": false,
                            "is-date": false,
                            "date-format": "",
                            "cast-as": "",
                            "placeholder": "Enter pessoa here...",
                            "delimiter": "; ",
                            "range": [],
                            "foreign-relation": {
                                "name": "pessoa",
                                "type": "belongsTo",
                                "params": [
                                    "App\\Models/\\Pessoa",
                                    "pessoa_id",
                                    "id"
                                ],
                                "field": "id"
                            },
                            "foreign-constraint": {
                                "field": "pessoa_id",
                                "references": "pessoas",
                                "on": "id",
                                "on-delete": "restrict",
                                "on-update": "restrict",
                                "references-model": "App\\Models/\\Pessoa",
                                "is-self-reference": false
                            },
                            "on-store": null,
                            "on-update": null
                        },
                        {
                            "name": "ativo",
                            "labels": "ativo",
                            "html-type": "checkbox",
                            "css-class": "",
                            "options": {},
                            "html-value": null,
                            "validation": "boolean",
                            "is-on-index": true,
                            "is-on-show": true,
                            "is-on-form": true,
                            "data-type": "bool",
                            "data-type-params": [],
                            "data-value": "1",
                            "is-index": false,
                            "is-unique": false,
                            "is-primary": false,
                            "comment": null,
                            "is-nullable": false,
                            "is-header": false,
                            "is-unsigned": false,
                            "is-auto-increment": false,
                            "is-inline-options": false,
                            "is-date": false,
                            "date-format": "",
                            "cast-as": "",
                            "placeholder": "Enter ativo here...",
                            "delimiter": "; ",
                            "range": [],
                            "foreign-relation": null,
                            "foreign-constraint": null,
                            "on-store": null,
                            "on-update": null
                        },
                        {
                            "name": "created_at",
                            "labels": "created_at",
                            "html-type": "text",
                            "css-class": "",
                            "options": {},
                            "html-value": null,
                            "validation": "nullable|date_format:n/j/Y H:i A",
                            "is-on-index": true,
                            "is-on-show": true,
                            "is-on-form": true,
                            "data-type": "timestamp",
                            "data-type-params": [],
                            "data-value": null,
                            "is-index": false,
                            "is-unique": false,
                            "is-primary": false,
                            "comment": null,
                            "is-nullable": true,
                            "is-header": false,
                            "is-unsigned": false,
                            "is-auto-increment": false,
                            "is-inline-options": false,
                            "is-date": false,
                            "date-format": "n/j/Y H:i A",
                            "cast-as": "",
                            "placeholder": "Enter created at here...",
                            "delimiter": "; ",
                            "range": [],
                            "foreign-relation": null,
                            "foreign-constraint": null,
                            "on-store": null,
                            "on-update": null
                        },
                        {
                            "name": "updated_at",
                            "labels": "updated_at",
                            "html-type": "text",
                            "css-class": "",
                            "options": {},
                            "html-value": null,
                            "validation": "nullable|date_format:n/j/Y H:i A",
                            "is-on-index": true,
                            "is-on-show": true,
                            "is-on-form": true,
                            "data-type": "timestamp",
                            "data-type-params": [],
                            "data-value": null,
                            "is-index": false,
                            "is-unique": false,
                            "is-primary": false,
                            "comment": null,
                            "is-nullable": true,
                            "is-header": false,
                            "is-unsigned": false,
                            "is-auto-increment": false,
                            "is-inline-options": false,
                            "is-date": false,
                            "date-format": "n/j/Y H:i A",
                            "cast-as": "",
                            "placeholder": "Enter updated at here...",
                            "delimiter": "; ",
                            "range": [],
                            "foreign-relation": null,
                            "foreign-constraint": null,
                            "on-store": null,
                            "on-update": null
                        },
                        {
                            "name": "deleted_at",
                            "labels": "deleted_at",
                            "html-type": "text",
                            "css-class": "",
                            "options": {},
                            "html-value": null,
                            "validation": "nullable|date_format:n/j/Y H:i A",
                            "is-on-index": true,
                            "is-on-show": true,
                            "is-on-form": true,
                            "data-type": "timestamp",
                            "data-type-params": [],
                            "data-value": null,
                            "is-index": false,
                            "is-unique": false,
                            "is-primary": false,
                            "comment": null,
                            "is-nullable": true,
                            "is-header": false,
                            "is-unsigned": false,
                            "is-auto-increment": false,
                            "is-inline-options": false,
                            "is-date": false,
                            "date-format": "n/j/Y H:i A",
                            "cast-as": "",
                            "placeholder": "Enter deleted at here...",
                            "delimiter": "; ",
                            "range": [],
                            "foreign-relation": null,
                            "foreign-constraint": null,
                            "on-store": null,
                            "on-update": null
                        }
                    ],
                    "relations": [],
                    "indexes": [],
                    "auto-manage-created-and-updated-at": true,
                    "table-name": "empresas",
                    "protection": {
                        "is-model-protected": false,
                        "is-controller-protected": false,
                        "is-form-request-protected": false,
                        "is-languages-protected": false,
                        "is-form-view-protected": false,
                        "is-index-view-protected": false,
                        "is-create-view-protected": false,
                        "is-edit-view-protected": false,
                        "is-show-view-protected": false
                    }
                }
            }
        ]
    }
]